sentence,citations,guide_id,paragraph_id
"Article 4 of the Convention, together with Articles 2 and 3 of the Convention, enshrines one of the fundamental values of democratic societies (Siliadin v. France, 2005, § 112; Stummer v. Austria [GC], 2011, § 116).","[
    {
        ""case_name"": ""siliadin v. france"",
        ""best_match"": ""siliadin v. france"",
        ""case_id"": ""001-69891"",
        ""paragraph_numbers"": [
            112
        ]
    },
    {
        ""case_name"": ""stummer v. austria"",
        ""best_match"": ""stummer v. austria"",
        ""case_id"": ""001-105575"",
        ""paragraph_numbers"": [
            116
        ]
    }
]",guide_art_4_eng,1
"Unlike most of the substantive clauses of the Convention, Article 4 § 1 makes no provision for exceptions and no derogation from it is permissible under Article 15 § 2 even in the event of a public emergency threatening the life of the nation (C.N. v. the United Kingdom, 2012, § 65; Stummer v. Austria [GC], 2011, § 116).","[
    {
        ""case_name"": ""c.n. v. the united kingdom"",
        ""best_match"": ""c.n. v. the united kingdom"",
        ""case_id"": ""001-114518"",
        ""paragraph_numbers"": [
            65
        ]
    },
    {
        ""case_name"": ""stummer v. austria"",
        ""best_match"": ""stummer v. austria"",
        ""case_id"": ""001-105575"",
        ""paragraph_numbers"": [
            116
        ]
    }
]",guide_art_4_eng,2
"The notion of “forced or compulsory labour” under Article 4 aims to protect against instances of serious exploitation, irrespective of whether, in the particular circumstances of a case, they are related to the specific human trafficking context (Zoletic and Others v. Azerbaijan, 2021, § 148).","[
    {
        ""case_name"": ""zoletic and others v. azerbaijan"",
        ""best_match"": ""zoletic and others v. azerbaijan"",
        ""case_id"": ""001-212040"",
        ""paragraph_numbers"": [
            148
        ]
    }
]",guide_art_4_eng,3
"Any such conduct might have elements qualifying it as “slavery” or “servitude” under Article 4, or might raise an issue under another provision of the Convention (S.M. v. Croatia [GC], 2020, §§ 300 and 303).","[
    {
        ""case_name"": ""s.m. v. croatia"",
        ""best_match"": ""s.m. v. croatia"",
        ""case_id"": ""001-203503"",
        ""paragraph_numbers"": [
            300,
            303
        ]
    }
]",guide_art_4_eng,3
"Article 4 § 3 of the Convention is not intended to “limit” the exercise of the right guaranteed by paragraph 2, but to “delimit” the very content of that right, for it forms a whole with paragraph 2 and indicates what the term “forced or compulsory labour” is not to include (ibid., § 120).","[
    {
        ""case_name"": ""s.m. v. croatia"",
        ""best_match"": ""s.m. v. croatia"",
        ""case_id"": ""001-203503"",
        ""paragraph_numbers"": [
            120
        ]
    }
]",guide_art_4_eng,4
"The object and purpose of the Convention, as an instrument for the protection of individual human beings, requires that its provisions be interpreted and applied so as to make its safeguards practical and effective (Rantsev v. Cyprus and Russia, 2010, §§ 273-275).","[
    {
        ""case_name"": ""rantsev v. cyprus and russia"",
        ""best_match"": ""rantsev v. cyprus and russia"",
        ""case_id"": ""001-96549"",
        ""paragraph_numbers"": [
            273,
            274,
            275
        ]
    }
]",guide_art_4_eng,5
"In interpreting the concepts under Article 4 of the Convention, the Court relies on international instruments such as the 1926 Slavery Convention (Siliadin v. France, 2005, § 122), Supplementary Convention on the Abolition of Slavery, the Slave Trade and Institutions and Practices Similar to Slavery (C.N. and v. v. France, 2012, § 90), ILO Convention No. 29 (Forced Labour Convention) (Van der Mussele v. Belgium, 1983, § 32) and Council of Europe Convention on Action against Trafficking in Human Beings (“Anti-Trafficking Convention”) and the Protocol to Prevent, Suppress and Punish Trafficking in Persons, especially Women and Children supplementing the United Nations Convention against Transnational Organised Crime (“Palermo Protocol”), 2000 (Rantsev v. Cyprus and Russia, 2010, § 282).","[
    {
        ""case_name"": ""siliadin v. france"",
        ""best_match"": ""siliadin v. france"",
        ""case_id"": ""001-69891"",
        ""paragraph_numbers"": [
            122
        ]
    },
    {
        ""case_name"": ""c.n. and v. v. france"",
        ""best_match"": ""c.n. and v. v. france"",
        ""case_id"": ""001-114032"",
        ""paragraph_numbers"": []
    },
    {
        ""case_name"": ""van der mussele v. belgium"",
        ""best_match"": ""van der mussele v. belgium"",
        ""case_id"": ""001-57591"",
        ""paragraph_numbers"": [
            90
        ]
    },
    {
        ""case_name"": ""rantsev v. cyprus and russia"",
        ""best_match"": ""rantsev v. cyprus and russia"",
        ""case_id"": ""001-96549"",
        ""paragraph_numbers"": [
            282
        ]
    }
]",guide_art_4_eng,6
"Conversely, since the Court’s jurisdiction is limited to the Convention, it has no competence to interpret provisions of international instruments, such as the Anti-Trafficking Convention, or to assess the compliance of respondent States with the standards contained therein (V.C.L. and A.N. v. the United Kingdom, 2021, § 113).","[
    {
        ""case_name"": ""v.c.l. and a.n. v. the united kingdom"",
        ""best_match"": ""v.c.l. and a.n. v. the united kingdom"",
        ""case_id"": ""001-207927"",
        ""paragraph_numbers"": [
            113
        ]
    }
]",guide_art_4_eng,7
"Sight should not be lost of the Convention’s special features or of the fact that it is a living instrument which must be interpreted in the light of present-day conditions, and that the increasingly high standard being required in the area of the protection of human rights and fundamental liberties correspondingly and inevitably requires greater firmness in assessing breaches of the fundamental values of democratic societies (Siliadin v. France, 2005, § 121; Stummer v. Austria [GC], 2011, § 118).","[
    {
        ""case_name"": ""siliadin v. france"",
        ""best_match"": ""siliadin v. france"",
        ""case_id"": ""001-69891"",
        ""paragraph_numbers"": [
            121
        ]
    },
    {
        ""case_name"": ""stummer v. austria"",
        ""best_match"": ""stummer v. austria"",
        ""case_id"": ""001-105575"",
        ""paragraph_numbers"": [
            118
        ]
    }
]",guide_art_4_eng,8
"Article 4 makes no mention of trafficking, proscribing “slavery”, “servitude” and “forced and compulsory labour” (Rantsev v. Cyprus and Russia, 2010, § 272).","[
    {
        ""case_name"": ""rantsev v. cyprus and russia"",
        ""best_match"": ""rantsev v. cyprus and russia"",
        ""case_id"": ""001-96549"",
        ""paragraph_numbers"": [
            272
        ]
    }
]",guide_art_4_eng,9
"It is described in the explanatory report accompanying the Anti-Trafficking Convention as the modern form of the old worldwide slave trade (ibid., § 281; M. and Others v. Italy and Bulgaria, 2012, § 151).","[
    {
        ""case_name"": ""rantsev v. cyprus and russia"",
        ""best_match"": ""rantsev v. cyprus and russia"",
        ""case_id"": ""001-96549"",
        ""paragraph_numbers"": [
            281
        ]
    },
    {
        ""case_name"": ""m. and others v. italy and bulgaria"",
        ""best_match"": ""m. and others v. italy and bulgaria"",
        ""case_id"": ""001-112576"",
        ""paragraph_numbers"": [
            151
        ]
    }
]",guide_art_4_eng,10
"There can be no doubt that trafficking threatens the human dignity and fundamental freedoms of its victims and cannot be considered compatible with a democratic society and the values expounded in the Convention (Rantsev v. Cyprus and Russia, 2010, § 282).","[
    {
        ""case_name"": ""rantsev v. cyprus and russia"",
        ""best_match"": ""rantsev v. cyprus and russia"",
        ""case_id"": ""001-96549"",
        ""paragraph_numbers"": [
            282
        ]
    }
]",guide_art_4_eng,10
"In S.M. v. Croatia [GC], 2020, the Court clarified that conduct or a situation may give rise to an issue of human trafficking under Article 4, only if all the three constituent elements of the international definition of human trafficking, under the Anti-Trafficking Convention and the Palermo Protocol, are present: (1) an action (the recruitment, transportation, transfer, harbouring or receipt of persons); (2) the means (threat or use of force or other forms of coercion, abduction, fraud, deception, abuse of power or of a position of vulnerability, or the giving or receiving of payments or benefits to achieve the consent of a person having control over another person); (3) an exploitative purpose (including, at a minimum, the exploitation of the prostitution of others or other forms of sexual exploitation, forced labour or services, slavery or practices similar to slavery, servitude or the removal of organs) (§§ 290 and 303).","[
    {
        ""case_name"": ""s.m. v. croatia"",
        ""best_match"": ""s.m. v. croatia"",
        ""case_id"": ""001-203503"",
        ""paragraph_numbers"": [
            290,
            303
        ]
    }
]",guide_art_4_eng,11
"From the perspective of Article 4, the concept of human trafficking relates to both national and transnational trafficking in human beings, irrespective of whether or not connected with organised crime (§§ 296 and 303; see also Zoletic and Others v. Azerbaijan, 2021, § 155).","[
    {
        ""case_name"": ""s.m. v. croatia"",
        ""best_match"": ""s.m. v. croatia"",
        ""case_id"": ""001-203503"",
        ""paragraph_numbers"": [
            296,
            303
        ]
    },
    {
        ""case_name"": ""zoletic and others v. azerbaijan"",
        ""best_match"": ""zoletic and others v. azerbaijan"",
        ""case_id"": ""001-212040"",
        ""paragraph_numbers"": [
            155
        ]
    }
]",guide_art_4_eng,11
"While human trafficking falls within the scope of Article 4, this did not exclude the possibility that, in the particular circumstances of a case, a particular form of conduct related to human trafficking might raise an issue under another provision of the Convention (S.M. v. Croatia [GC], 2020, §§ 297 and 303).","[
    {
        ""case_name"": ""s.m. v. croatia"",
        ""best_match"": ""s.m. v. croatia"",
        ""case_id"": ""001-203503"",
        ""paragraph_numbers"": [
            297,
            303
        ]
    }
]",guide_art_4_eng,12
"The question whether a particular situation involves all the constituent elements of “human trafficking” and/or gives rise to a separate issue of forced prostitution is a factual question which must be examined in the light of all the relevant circumstances of a case (ibid., §§ 302-303 and Zoletic and Others v. Azerbaijan, 2021, § 157).","[
    {
        ""case_name"": ""s.m. v. croatia"",
        ""best_match"": ""s.m. v. croatia"",
        ""case_id"": ""001-203503"",
        ""paragraph_numbers"": [
            302,
            303
        ]
    },
    {
        ""case_name"": ""zoletic and others v. azerbaijan"",
        ""best_match"": ""zoletic and others v. azerbaijan"",
        ""case_id"": ""001-212040"",
        ""paragraph_numbers"": [
            157
        ]
    }
]",guide_art_4_eng,12
"In considering the scope of “slavery” under Article 4, the Court refers to the classic definition of slavery contained in the 1926 Slavery Convention, which defines slavery as “the status or condition of a person over whom any or all of the powers attaching to the right of ownership are exercised” (Siliadin v. France, 2005, § 122).","[
    {
        ""case_name"": ""siliadin v. france"",
        ""best_match"": ""siliadin v. france"",
        ""case_id"": ""001-69891"",
        ""paragraph_numbers"": [
            122
        ]
    }
]",guide_art_4_eng,13
"In Siliadin v. France, 2005, where the applicant, an eighteen years old Togolese national, was made to work as a domestic servant fifteen hours a day without a day off or pay for several years, the Court found that the treatment suffered by her amounted to servitude and forced and compulsory labour, although it fell short of slavery.","[
    {
        ""case_name"": ""siliadin v. france"",
        ""best_match"": ""siliadin v. france"",
        ""case_id"": ""001-69891"",
        ""paragraph_numbers"": []
    }
]",guide_art_4_eng,14
"It held that, although the applicant was clearly deprived of her personal autonomy, she was not held in slavery as there was no genuine right of legal ownership over her, thus reducing her to the status of an “object” (§ 122).","[
    {
        ""case_name"": ""siliadin v. france"",
        ""best_match"": ""siliadin v. france"",
        ""case_id"": ""001-69891"",
        ""paragraph_numbers"": [
            122
        ]
    }
]",guide_art_4_eng,14
"In this connection, the Court reiterated that marriage has deep-rooted social and cultural connotations which may differ largely from one society to another and that therefore this payment can reasonably be accepted as representing a gift from one family to another, a tradition common to many different cultures in today’s society (M. and Others v. Italy and Bulgaria, 2012, § 161).","[
    {
        ""case_name"": ""m. and others v. italy and bulgaria"",
        ""best_match"": ""m. and others v. italy and bulgaria"",
        ""case_id"": ""001-112576"",
        ""paragraph_numbers"": [
            161
        ]
    }
]",guide_art_4_eng,15
"For Convention purposes “servitude” means an obligation to provide one’s services that is imposed by the use of coercion, and is to be linked with the concept of slavery (Seguin v. France (dec.), 2000; Siliadin v. France, 2005, § 124).","[
    {
        ""case_name"": ""seguin v. france"",
        ""best_match"": ""seguin v. france"",
        ""case_id"": ""001-60430"",
        ""paragraph_numbers"": []
    },
    {
        ""case_name"": ""siliadin v. france"",
        ""best_match"": ""siliadin v. france"",
        ""case_id"": ""001-69891"",
        ""paragraph_numbers"": [
            124
        ]
    }
]",guide_art_4_eng,16
"It includes “in addition to the obligation to perform certain services for others ... the obligation for the ‘serf’ to live on another person’s property and the impossibility of altering his condition” (ibid., § 123).","[
    {
        ""case_name"": ""siliadin v. france"",
        ""best_match"": ""siliadin v. france"",
        ""case_id"": ""001-69891"",
        ""paragraph_numbers"": [
            123
        ]
    }
]",guide_art_4_eng,17
"The Court finds it sufficient that this feeling be based on the above-mentioned objective criteria or be brought about or kept alive by those responsible for the situation (C.N. and v. v. France, 2012, § 91).","[
    {
        ""case_name"": ""c.n. and v. v. france"",
        ""best_match"": ""c.n. and v. v. france"",
        ""case_id"": ""001-114032"",
        ""paragraph_numbers"": []
    }
]",guide_art_4_eng,18
"In this connection, the Court underlined that domestic servitude is a specific offence, distinct from trafficking and exploitation and which involves a complex set of dynamics, involving both overt and more subtle forms of coercion, to force compliance (C.N. v. the United Kingdom, 2012, § 80).","[
    {
        ""case_name"": ""c.n. v. the united kingdom"",
        ""best_match"": ""c.n. v. the united kingdom"",
        ""case_id"": ""001-114518"",
        ""paragraph_numbers"": [
            80
        ]
    }
]",guide_art_4_eng,19
"In Siliadin v. France, 2005, the Court considered that the applicant was held in servitude because, in addition to the fact that the applicant was required to perform forced labour, she was a minor with no resources, vulnerable and isolated with no means of living elsewhere than the home where she worked at their mercy and completely depended on them with no freedom of movement and no free time (§§ 126-127).","[
    {
        ""case_name"": ""siliadin v. france"",
        ""best_match"": ""siliadin v. france"",
        ""case_id"": ""001-69891"",
        ""paragraph_numbers"": [
            126,
            127
        ]
    }
]",guide_art_4_eng,20
"See also C.N. and v. v. France, 2012, where the Court found the first applicant to be held in servitude but not the second applicant (§§ 92-93).","[
    {
        ""case_name"": ""c.n. and v. v. france"",
        ""best_match"": ""c.n. and v. v. france"",
        ""case_id"": ""001-114032"",
        ""paragraph_numbers"": []
    }
]",guide_art_4_eng,20
"Article 4 § 2 of the Convention prohibits forced or compulsory labour (Stummer v. Austria [GC], 2011, § 117).","[
    {
        ""case_name"": ""stummer v. austria"",
        ""best_match"": ""stummer v. austria"",
        ""case_id"": ""001-105575"",
        ""paragraph_numbers"": [
            117
        ]
    }
]",guide_art_4_eng,21
"However, Article 4 does not define what is meant by “forced or compulsory labour” and no guidance on this point is to be found in the various Council of Europe documents relating to the preparatory work of the European Convention (Van der Mussele v. Belgium, 1983, § 32).","[
    {
        ""case_name"": ""van der mussele v. belgium"",
        ""best_match"": ""van der mussele v. belgium"",
        ""case_id"": ""001-57591"",
        ""paragraph_numbers"": [
            32
        ]
    }
]",guide_art_4_eng,21
"In the case of Van der Mussele v. Belgium, 1983, the Court had recourse to ILO Convention No. 29 concerning forced or compulsory labour.","[
    {
        ""case_name"": ""van der mussele v. belgium"",
        ""best_match"": ""van der mussele v. belgium"",
        ""case_id"": ""001-57591"",
        ""paragraph_numbers"": []
    }
]",guide_art_4_eng,22
"The Court has taken that definition as a starting point for its interpretation of Article 4 § 2 of the Convention (ibid.; Graziani-Weiss v. Austria, 2011; Stummer v. Austria [GC], 2011, § 118 and Adigüzel v. Turkey (dec.), 2018, §§ 26-27 with the case-law references cited therein).","[
    {
        ""case_name"": ""graziani-weiss v. austria"",
        ""best_match"": ""graziani-weiss v. austria"",
        ""case_id"": ""001-107022"",
        ""paragraph_numbers"": []
    },
    {
        ""case_name"": ""stummer v. austria"",
        ""best_match"": ""stummer v. austria"",
        ""case_id"": ""001-105575"",
        ""paragraph_numbers"": [
            118
        ]
    },
    {
        ""case_name"": ""adig\u00fczel v. turkey"",
        ""best_match"": ""adig\u00fczel v. turkey"",
        ""case_id"": ""001-181255(F)"",
        ""paragraph_numbers"": [
            26,
            27
        ]
    }
]",guide_art_4_eng,22
"In S.M. v. Croatia [GC], 2020, the Court clarified that the notion of “forced or compulsory labour” under Article 4 aims to protect against instances of serious exploitation, such as forced prostitution, irrespective of whether, in the particular circumstances of a case, they are related to the specific human trafficking context (see paragraph 3 above).","[
    {
        ""case_name"": ""s.m. v. croatia"",
        ""best_match"": ""s.m. v. croatia"",
        ""case_id"": ""001-203503"",
        ""paragraph_numbers"": []
    }
]",guide_art_4_eng,23
"The Court finds corroboration of this in the definition included in Article 2 § 1 of ILO Convention No. 29 (“all work or service”, “tout travail ou service” in French), in Article 4 § 3(d) of the European Convention (“any work or service”, “tout travail ou service” in French) and in the very name of the International Labour Organization (ILO), whose activities are in no way limited to the sphere of manual labour (Van der Mussele v. Belgium, 1983, § 33).","[
    {
        ""case_name"": ""van der mussele v. belgium"",
        ""best_match"": ""van der mussele v. belgium"",
        ""case_id"": ""001-57591"",
        ""paragraph_numbers"": [
            33
        ]
    }
]",guide_art_4_eng,24
"Along these lines, in the case of Van der Mussele v. Belgium, 1983, the Court made use of the notion of a “disproportionate burden” to determine whether a lawyer had been subjected to compulsory labour when required to defend clients free of charge as a court- appointed lawyer (§ 39; see also C.N. and v. v. France, 2012, § 74).","[
    {
        ""case_name"": ""van der mussele v. belgium"",
        ""best_match"": ""van der mussele v. belgium"",
        ""case_id"": ""001-57591"",
        ""paragraph_numbers"": [
            39
        ]
    },
    {
        ""case_name"": ""c.n. and v. v. france"",
        ""best_match"": ""c.n. and v. v. france"",
        ""case_id"": ""001-114032"",
        ""paragraph_numbers"": []
    }
]",guide_art_4_eng,25
"For example, work to be carried out in pursuance of a freely negotiated contract cannot be regarded as falling within the scope of Article 4 on the sole ground that one of the parties has undertaken with the other to do that work and will be subject to sanctions if he does not honour his promise (Van der Mussele v. Belgium, 1983, § 34).","[
    {
        ""case_name"": ""van der mussele v. belgium"",
        ""best_match"": ""van der mussele v. belgium"",
        ""case_id"": ""001-57591"",
        ""paragraph_numbers"": [
            34
        ]
    }
]",guide_art_4_eng,26
"It therefore considered that the “penalty” may go as far as physical violence or restraint, but it can also take subtler forms, of a psychological nature, such as threats to denounce victims to the police or immigration authorities when their employment status is illegal (C.N. and v. v. France, 2012, § 77).","[
    {
        ""case_name"": ""c.n. and v. v. france"",
        ""best_match"": ""c.n. and v. v. france"",
        ""case_id"": ""001-114032"",
        ""paragraph_numbers"": []
    }
]",guide_art_4_eng,27
"In the context of forced prostitution, the Court stressed that “force” may encompass the subtle forms of coercive conduct identified in the Court’s case-law on Article 4, as well as by the ILO and in other international materials (S.M. v. Croatia [GC], 2020, § 301).","[
    {
        ""case_name"": ""s.m. v. croatia"",
        ""best_match"": ""s.m. v. croatia"",
        ""case_id"": ""001-203503"",
        ""paragraph_numbers"": [
            301
        ]
    }
]",guide_art_4_eng,27
"The Court found the first criterion, namely “the menace of any penalty”, fulfilled in Van der Mussele v. Belgium, 1983, where the applicant, a pupil advocate, ran the risk of having the Council of the Ordre des avocats strike his name off the roll of pupils or reject his application for entry on the register of advocates (§ 35); in Graziani-Weiss v. Austria, 2011, where the refusal of the applicant, a lawyer, to act as a guardian gave rise to disciplinary sanctions (§ 39); in C.N. and v. v. France, 2012, where the applicant was threatened to be sent back to her country of origin (§ 78).","[
    {
        ""case_name"": ""van der mussele v. belgium"",
        ""best_match"": ""van der mussele v. belgium"",
        ""case_id"": ""001-57591"",
        ""paragraph_numbers"": [
            35
        ]
    },
    {
        ""case_name"": ""graziani-weiss v. austria"",
        ""best_match"": ""graziani-weiss v. austria"",
        ""case_id"": ""001-107022"",
        ""paragraph_numbers"": [
            39
        ]
    },
    {
        ""case_name"": ""c.n. and v. v. france"",
        ""best_match"": ""c.n. and v. v. france"",
        ""case_id"": ""001-114032"",
        ""paragraph_numbers"": []
    }
]",guide_art_4_eng,28
"In Siliadin v. France, 2005, the Court considered that, although the applicant, a minor, was not threatened by a “penalty”, the fact remained that she was in an equivalent situation in terms of the perceived seriousness of the threat as she was an adolescent girl in a foreign land, unlawfully present on French territory and in fear of arrest by the police.","[
    {
        ""case_name"": ""siliadin v. france"",
        ""best_match"": ""siliadin v. france"",
        ""case_id"": ""001-69891"",
        ""paragraph_numbers"": []
    }
]",guide_art_4_eng,29
"Her fear was nurtured, and she was led to believe that her status would be regularised (§ 118).","[
    {
        ""case_name"": ""siliadin v. france"",
        ""best_match"": ""siliadin v. france"",
        ""case_id"": ""001-69891"",
        ""paragraph_numbers"": [
            118
        ]
    }
]",guide_art_4_eng,29
"By contrast, in the case of Tibet Menteş and Others v. Turkey, 2017, § 68, the Court noted that the applicants, workers in airport shops complaining about unpaid overtime, had voluntarily agreed to their conditions of work involving continuous twenty-four-hour shifts.","[
    {
        ""case_name"": ""tibet mente\u015f and others v. turkey"",
        ""best_match"": ""tibet mente\u015f and others v. turkey"",
        ""case_id"": ""001-177938"",
        ""paragraph_numbers"": [
            68
        ]
    }
]",guide_art_4_eng,30
"In Adigüzel v. Turkey (dec.), 2018, where the applicant, a forensic doctor, complained that he was required to work outside the prescribed working hours without pecuniary compensation, the Court held that by choosing to work as a civil servant for the municipality, the applicant must have known from the beginning that he could be subject to work outside the standard hours without pay.","[
    {
        ""case_name"": ""adig\u00fczel v. turkey"",
        ""best_match"": ""adig\u00fczel v. turkey"",
        ""case_id"": ""001-181255(F)"",
        ""paragraph_numbers"": []
    }
]",guide_art_4_eng,31
The Court dismissed the complaint as incompatible ratione materiae with Article 4 of the Convention (§§ 30-35).,"[
    {
        ""case_name"": ""adig\u00fczel v. turkey"",
        ""best_match"": ""adig\u00fczel v. turkey"",
        ""case_id"": ""001-181255(F)"",
        ""paragraph_numbers"": [
            30,
            31,
            32,
            33,
            34,
            35
        ]
    }
]",guide_art_4_eng,31
"As to the second criterion, namely whether the applicant offered himself voluntarily for the work in question (Van der Mussele v. Belgium, 1983, § 36), the Court took into account but did not give decisive weight to the element of the applicant’s prior consent to the tasks required to be performed (ibid.; Graziani-Weiss v. Austria, 2011, § 40; Adigüzel v. Turkey (dec.), 2018, § 30).","[
    {
        ""case_name"": ""van der mussele v. belgium"",
        ""best_match"": ""van der mussele v. belgium"",
        ""case_id"": ""001-57591"",
        ""paragraph_numbers"": [
            36
        ]
    },
    {
        ""case_name"": ""graziani-weiss v. austria"",
        ""best_match"": ""graziani-weiss v. austria"",
        ""case_id"": ""001-107022"",
        ""paragraph_numbers"": [
            40
        ]
    },
    {
        ""case_name"": ""adig\u00fczel v. turkey"",
        ""best_match"": ""adig\u00fczel v. turkey"",
        ""case_id"": ""001-181255(F)"",
        ""paragraph_numbers"": [
            30
        ]
    }
]",guide_art_4_eng,32
"Rather, the Court will have regard to all the circumstances of the case in the light of the underlying objectives of Article 4 when deciding whether a service required to be performed falls within the prohibition of “forced or compulsory labour” (ibid., § 37; Bucha v. Slovakia (dec.), 2011).","[
    {
        ""case_name"": ""adig\u00fczel v. turkey"",
        ""best_match"": ""adig\u00fczel v. turkey"",
        ""case_id"": ""001-181255(F)"",
        ""paragraph_numbers"": [
            37
        ]
    },
    {
        ""case_name"": ""bucha v. slovakia"",
        ""best_match"": ""bucha v. slovakia"",
        ""case_id"": ""001-106599"",
        ""paragraph_numbers"": []
    }
]",guide_art_4_eng,33
"The standards developed by the Court for evaluating what could be considered normal in respect of duties incumbent on members of a particular profession take into account whether the services rendered fall outside the ambit of the normal professional activities of the person concerned; whether the services are remunerated or not or whether the service includes another compensatory factor; whether the obligation is founded on a conception of social solidarity; and whether the burden imposed is disproportionate (Graziani-Weiss v. Austria, 2011, § 38; Mihal v. Slovakia (dec.), 2011, § 64).","[
    {
        ""case_name"": ""graziani-weiss v. austria"",
        ""best_match"": ""graziani-weiss v. austria"",
        ""case_id"": ""001-107022"",
        ""paragraph_numbers"": [
            38
        ]
    },
    {
        ""case_name"": ""mihal v. slovakia"",
        ""best_match"": ""mihal v. slovakia"",
        ""case_id"": ""001-105779"",
        ""paragraph_numbers"": [
            64
        ]
    }
]",guide_art_4_eng,33
"No issue was found to arise under Article 4 in cases where an employee was not paid for work done but the work was performed voluntarily and entitlement to payment was not in dispute (Sokur v. Ukraine (dec.), 2002), where the applicant was transferred to a less lucrative employment (Antonov v. Russia (dec.), 2005), where the social assistance act required the applicant to obtain and accept any kind of labour, irrespective of the question whether it would be suitable or not, by reducing her benefits if she refused to do so (Schuitemaker v. the Netherlands (dec.), 2010), where the applicant, a notary, was required to receive reduced fees when acting for non-profit making organisations (X. v. Germany, Commission decision, 1979), where the domestic courts reduced the applicants’ fees, when they were acting as officially appointed lawyers on behalf of civil parties in criminal proceedings (Dănoiu and Others v. Romania, 2022) or where the applicant complained about the unfairness of the work and pay conditions imposed by the State on relatives of persons with disabilities acting as personal assistants (Radi and Gherghina v. Romania (dec.), 2016).","[
    {
        ""case_name"": ""sokur v. ukraine"",
        ""best_match"": ""sokur v. ukraine"",
        ""case_id"": ""001-22886"",
        ""paragraph_numbers"": []
    },
    {
        ""case_name"": ""antonov v. russia"",
        ""best_match"": ""antonov v. russia"",
        ""case_id"": ""001-71482"",
        ""paragraph_numbers"": []
    },
    {
        ""case_name"": ""schuitemaker v. the netherlands"",
        ""best_match"": ""schuitemaker v. the netherlands"",
        ""case_id"": ""001-99039"",
        ""paragraph_numbers"": []
    },
    {
        ""case_name"": ""x. v. germany"",
        ""best_match"": ""x. v. germany"",
        ""case_id"": ""001-82912"",
        ""paragraph_numbers"": []
    },
    {
        ""case_name"": ""d\u0103noiu and others v. romania"",
        ""best_match"": ""d\u0103noiu and others v. romania"",
        ""case_id"": ""001-215509"",
        ""paragraph_numbers"": []
    },
    {
        ""case_name"": ""radi and gherghina v. romania"",
        ""best_match"": ""radi and gherghina v. romania"",
        ""case_id"": ""001-160459"",
        ""paragraph_numbers"": []
    }
]",guide_art_4_eng,34
"By contrast, the Court found, in the case of Chowdury and Others v. Greece, 2017, that the applicants’ situation – irregular migrants working in difficult physical conditions and without wages, under the supervision of armed guards, in the strawberry-picking industry in a particular region of Greece – constituted human trafficking and forced labour.","[
    {
        ""case_name"": ""chowdury and others v. greece"",
        ""best_match"": ""chowdury and others v. greece"",
        ""case_id"": ""001-204749"",
        ""paragraph_numbers"": []
    }
]",guide_art_4_eng,34
"The four subparagraphs of paragraph 3, notwithstanding their diversity, are grounded on the governing ideas of general interest, social solidarity and what is normal in the ordinary course of affairs (Van der Mussele v. Belgium, 1983, § 38; Karlheinz Schmidt v. Germany, 1994, § 22; Zarb Adami v. Malta, 2006, § 44).","[
    {
        ""case_name"": ""van der mussele v. belgium"",
        ""best_match"": ""van der mussele v. belgium"",
        ""case_id"": ""001-57591"",
        ""paragraph_numbers"": [
            38
        ]
    },
    {
        ""case_name"": ""karlheinz schmidt v. germany"",
        ""best_match"": ""karlheinz schmidt v. germany"",
        ""case_id"": ""001-57880"",
        ""paragraph_numbers"": [
            22
        ]
    },
    {
        ""case_name"": ""zarb adami v. malta"",
        ""best_match"": ""zarb adami v. malta"",
        ""case_id"": ""001-75934"",
        ""paragraph_numbers"": [
            44
        ]
    }
]",guide_art_4_eng,35
"indicates that the term “forced or compulsory” labour does not include “any work to be done in the ordinary course of detention” (Stummer v. Austria [GC], 2011, § 119) or during conditional release from such detention.","[
    {
        ""case_name"": ""stummer v. austria"",
        ""best_match"": ""stummer v. austria"",
        ""case_id"": ""001-105575"",
        ""paragraph_numbers"": [
            119
        ]
    }
]",guide_art_4_eng,36
"In establishing what is to be considered “work required to be done in the ordinary course of detention”, the Court will have regard to the standards prevailing in member States (ibid., § 128).","[
    {
        ""case_name"": ""stummer v. austria"",
        ""best_match"": ""stummer v. austria"",
        ""case_id"": ""001-105575"",
        ""paragraph_numbers"": [
            128
        ]
    }
]",guide_art_4_eng,37
"For example, when the Court had to consider work a recidivist prisoner was required to perform, his release being conditional on accumulating a certain amount of savings, while accepting that the work at issue was obligatory, the Court found no violation of Article 4 of the Convention on the ground that the requirements of Article 4 § 3 (a) were met (Van Droogenbroeck v. Belgium, 1982, § 59).","[
    {
        ""case_name"": ""van droogenbroeck v. belgium"",
        ""best_match"": ""van droogenbroeck v. belgium"",
        ""case_id"": ""001-57471"",
        ""paragraph_numbers"": [
            59
        ]
    }
]",guide_art_4_eng,38
"In the Court’s view the work required did not go beyond what is “ordinary” in this context since it was calculated to assist him in reintegrating himself into society and had as its legal basis provisions which find an equivalent in certain other member States of the Council of Europe (ibid.; Stummer v. Austria [GC], 2011, § 121; De Wilde, Ooms and Versyp v. Belgium, 1971, § 90).","[
    {
        ""case_name"": ""stummer v. austria"",
        ""best_match"": ""stummer v. austria"",
        ""case_id"": ""001-105575"",
        ""paragraph_numbers"": [
            121
        ]
    },
    {
        ""case_name"": ""de wilde, ooms and versyp v. belgium"",
        ""best_match"": ""de wilde, ooms and versyp v. belgium"",
        ""case_id"": ""001-57606"",
        ""paragraph_numbers"": [
            90
        ]
    }
]",guide_art_4_eng,38
"Regarding prisoners’ remuneration, the Commission has held that Article 4 does not contain any provision concerning the remuneration of prisoners for their work (Twenty-one detained persons v. Germany, Commission decision, 1968; Stummer v. Austria [GC], 2011, § 122).","[
    {
        ""case_name"": ""twenty-one detained persons v. germany"",
        ""best_match"": ""twenty-one detained persons v. germany"",
        ""case_id"": ""001-3044"",
        ""paragraph_numbers"": []
    },
    {
        ""case_name"": ""stummer v. austria"",
        ""best_match"": ""stummer v. austria"",
        ""case_id"": ""001-105575"",
        ""paragraph_numbers"": [
            122
        ]
    }
]",guide_art_4_eng,39
"The Court has noted that there have been subsequent developments in attitudes to this issue, reflected in particular in the 1987 and 2006 European Prison Rules, which call for the equitable remuneration of the work of prisoners (Zhelyazkov v. Bulgaria, 2012, § 36; Floroiu v. Romania (dec.), 2013, § 34).","[
    {
        ""case_name"": ""zhelyazkov v. bulgaria"",
        ""best_match"": ""zhelyazkov v. bulgaria"",
        ""case_id"": ""001-113750"",
        ""paragraph_numbers"": [
            36
        ]
    },
    {
        ""case_name"": ""floroiu v. romania"",
        ""best_match"": ""floroiu v. romania"",
        ""case_id"": ""001-126467"",
        ""paragraph_numbers"": [
            34
        ]
    }
]",guide_art_4_eng,39
"However, it has considered that the mere fact that a prisoner was not paid for the work he did, did not in itself prevent work of this kind from being regarded as “work required to be done in the ordinary course of detention” (ibid., § 33).","[
    {
        ""case_name"": ""floroiu v. romania"",
        ""best_match"": ""floroiu v. romania"",
        ""case_id"": ""001-126467"",
        ""paragraph_numbers"": [
            33
        ]
    }
]",guide_art_4_eng,39
"For example, in Floroiu v. Romania (dec.), 2013, the Court observed that prisoners were able to carry out either paid work or, in the case of tasks assisting the day-to-day running of the prison, work that does not give rise to remuneration but entitles them to a reduction in their sentence.","[
    {
        ""case_name"": ""floroiu v. romania"",
        ""best_match"": ""floroiu v. romania"",
        ""case_id"": ""001-126467"",
        ""paragraph_numbers"": []
    }
]",guide_art_4_eng,40
"The Court, having regard to the fact that the applicant had been granted a significant reduction in the time remaining to be served found that the work carried out by the applicant was not entirely unpaid and that therefore the work performed by the applicant can be regarded as “work required to be done in the ordinary course of detention” within the meaning of Article 4 § 3 (a) of the Convention (§§ 35-37).","[
    {
        ""case_name"": ""floroiu v. romania"",
        ""best_match"": ""floroiu v. romania"",
        ""case_id"": ""001-126467"",
        ""paragraph_numbers"": [
            35,
            36,
            37
        ]
    }
]",guide_art_4_eng,40
"Thus Austrian law reflects the development of European law in that all prisoners are provided with health and accident care and working prisoners are affiliated to the unemployment insurance scheme but not to the old-age pension system (Stummer v. Austria [GC], 2011, § 131).","[
    {
        ""case_name"": ""stummer v. austria"",
        ""best_match"": ""stummer v. austria"",
        ""case_id"": ""001-105575"",
        ""paragraph_numbers"": [
            131
        ]
    }
]",guide_art_4_eng,41
"Consequently, the obligatory work performed by the applicant as a prisoner without being affiliated to the old-age pension system had to be regarded as “work required to be done in the ordinary course of detention” within the meaning of Article 4 § 3 (a) (ibid., § 132; Floroiu v. Romania (dec.), 2015, § 32).","[
    {
        ""case_name"": ""stummer v. austria"",
        ""best_match"": ""stummer v. austria"",
        ""case_id"": ""001-105575"",
        ""paragraph_numbers"": [
            132
        ]
    },
    {
        ""case_name"": ""floroiu v. romania"",
        ""best_match"": ""floroiu v. romania"",
        ""case_id"": ""001-126467"",
        ""paragraph_numbers"": [
            32
        ]
    }
]",guide_art_4_eng,41
"In a case where the applicant complained about the obligation on prisoners to perform work in prison after they had reached retirement age, the Court, having regard to the aim of the work imposed, its nature, its extent and the manner in which it was to be performed as well as noting the absence of consensus among the Council of Europe member States on the issue, held that no absolute prohibition can be found to exist under Article 4 of the Convention and that the compulsory work performed by the applicant while in detention, including the work carried out after he had reached retirement age, could therefore be regarded as “work required to be done in the ordinary course of detention” within the meaning of Article 4 § 3 (a) of the Convention (Meier v. Switzerland, 2016, §§ 72-79).","[
    {
        ""case_name"": ""meier v. switzerland"",
        ""best_match"": ""meier v. switzerland"",
        ""case_id"": ""001-160800"",
        ""paragraph_numbers"": [
            72,
            73,
            74,
            75,
            76,
            77,
            78,
            79
        ]
    }
]",guide_art_4_eng,42
"Article 4 § 3 (b) excludes from the scope of “forced or compulsory labour” prohibited by Article 4 § 2 “any service of a military character or, in case of conscientious objectors in countries where they are recognised, service exacted instead of compulsory military service” (Bayatyan v. Armenia [GC], 2011, § 100; Johansen v. Norway, Commission decision, 1985).","[
    {
        ""case_name"": ""bayatyan v. armenia"",
        ""best_match"": ""bayatyan v. armenia"",
        ""case_id"": ""001-105611"",
        ""paragraph_numbers"": [
            100
        ]
    },
    {
        ""case_name"": ""johansen v. norway "",
        ""best_match"": ""johansen v. norway,"",
        ""case_id"": ""001-74526"",
        ""paragraph_numbers"": []
    }
]",guide_art_4_eng,43
"In the Commission decision of W., X., Y. and Z. v. the United Kingdom, 1968, where the applicants were minors when they entered into the armed forces of the United Kingdom, the Commission held that the service entered into by the applicants was subject to the limiting provision under Article 4 § 3, and therefore any complaint that such service constituted “forced or compulsory labour” had to be rejected as being manifestly ill-founded in view of the express provision of Article 4 § 2 (b) of the Convention.","[
    {
        ""case_name"": ""w., x., y. and z. v. the united kingdom"",
        ""best_match"": ""w., x., y. and z. v. the united kingdom"",
        ""case_id"": ""001-3053"",
        ""paragraph_numbers"": []
    }
]",guide_art_4_eng,44
"The Commission has held, however, that “servitude” and “forced or compulsory labour” are distinguished in Article 4 and, although they must in fact often overlap, they cannot be treated as equivalent, and that the clause excluding military service expressly from the scope of the term “forced or compulsory labour” does not forcibly exclude such service in all circumstances from an examination in the light of the prohibition directed against “slavery or servitude” (W., X., Y. and Z. v. the United Kingdom, Commission decision, 1968).","[
    {
        ""case_name"": ""w., x., y. and z. v. the united kingdom"",
        ""best_match"": ""w., x., y. and z. v. the united kingdom"",
        ""case_id"": ""001-3053"",
        ""paragraph_numbers"": []
    }
]",guide_art_4_eng,45
"Recently, however, in the case of Chitos v. Greece, 2015, which concerned the obligation imposed on an army officer to pay the State a substantial sum of money to allow him to leave the military before the end of the contracted service period, the Court departed from the above interpretation of the Commission and considered that the limitation under Article 4 § 3 was aimed at military service by conscription only and did not apply to career servicemen.","[
    {
        ""case_name"": ""chitos v. greece"",
        ""best_match"": ""chitos v. greece"",
        ""case_id"": ""001-155209"",
        ""paragraph_numbers"": []
    }
]",guide_art_4_eng,46
It further found support for this interpretation in ILO Convention no. 29 as well as in the view taken both by the European Committee of Social Rights and by the Committee of Ministers (§§ 83-89).,"[
    {
        ""case_name"": ""chitos v. greece"",
        ""best_match"": ""chitos v. greece"",
        ""case_id"": ""001-155209"",
        ""paragraph_numbers"": [
            83,
            84,
            85,
            86,
            87,
            88,
            89
        ]
    }
]",guide_art_4_eng,46
"In the aforementioned case of Chitos v. Greece, 2015, the Court found that, while it was legitimate for States to provide for obligatory periods of service for army officers after their studies, as well as for payment of compensation in case of early resignation, in order to recover the costs associated with their education, there had to be a balance between the different interests involved.","[
    {
        ""case_name"": ""chitos v. greece"",
        ""best_match"": ""chitos v. greece"",
        ""case_id"": ""001-155209"",
        ""paragraph_numbers"": []
    }
]",guide_art_4_eng,47
"In the particular circumstances of that case the Court found a violation of Article 4 § 2 on the ground that the authorities had placed a disproportionate burden on the applicant (§ 109; see, by contrast, Lazaridis v. Greece (dec.), 2016).","[
    {
        ""case_name"": ""chitos v. greece"",
        ""best_match"": ""chitos v. greece"",
        ""case_id"": ""001-155209"",
        ""paragraph_numbers"": [
            109
        ]
    },
    {
        ""case_name"": ""lazaridis v. greece"",
        ""best_match"": ""lazaridis v. greece"",
        ""case_id"": ""001-160742(F)"",
        ""paragraph_numbers"": []
    }
]",guide_art_4_eng,47
"In this connection, the Commission held that the obligation on a holder of shooting rights to actively participate in the gassing of fox-holes as part of a campaign against an epidemic – even if the above obligation fell within the notion of compulsory labour – was justified under Article 4 § 3 (c) which allows the exaction of services in case of an emergency or calamity threatening the life or well-being of the community, or under Article 4 § 3 (d) which allows service which forms part of normal civic obligations (S. v. Germany, Commission decision, 1994).","[
    {
        ""case_name"": ""s. v. germany"",
        ""best_match"": ""s. v. germany"",
        ""case_id"": ""001-73660"",
        ""paragraph_numbers"": []
    }
]",guide_art_4_eng,48
"In a case, which concerned a requirement that the applicant serve a year in the public dental service in northern Norway, two members of the Commission held the view that the service in question was service reasonably required of the applicant in an emergency threatening the well-being of the community and was not forced or compulsory labour (I. v. Norway, Commission decision, 1963).","[
    {
        ""case_name"": ""i. v. norway"",
        ""best_match"": ""i. v. norway"",
        ""case_id"": ""001-115963"",
        ""paragraph_numbers"": []
    }
]",guide_art_4_eng,48
"Article 4 § 3 (d) excludes any work or service which forms part of normal civil obligations from the scope of forced or compulsory labour (Van der Mussele v. Belgium, 1983, § 38).","[
    {
        ""case_name"": ""van der mussele v. belgium"",
        ""best_match"": ""van der mussele v. belgium"",
        ""case_id"": ""001-57591"",
        ""paragraph_numbers"": [
            38
        ]
    }
]",guide_art_4_eng,49
"In Van der Mussele v. Belgium, 1983, the Court accepted that the applicant, a pupil-advocate, had suffered some prejudice by reason of the lack of remuneration and of reimbursement of expenses, but that prejudice went hand in hand with the advantages he enjoyed and had not been shown to be excessive.","[
    {
        ""case_name"": ""van der mussele v. belgium"",
        ""best_match"": ""van der mussele v. belgium"",
        ""case_id"": ""001-57591"",
        ""paragraph_numbers"": []
    }
]",guide_art_4_eng,50
"Noting that the applicant had not had a disproportionate burden of work imposed on him and that the amount of expenses directly occasioned by the legal work he performed in question had been relatively small, the Court concluded that he had not been a victim of compulsory labour for the purposes of Article 4 § 2 of the Convention (§§ 34-41).","[
    {
        ""case_name"": ""van der mussele v. belgium"",
        ""best_match"": ""van der mussele v. belgium"",
        ""case_id"": ""001-57591"",
        ""paragraph_numbers"": [
            34,
            35,
            36,
            37,
            38,
            39,
            40,
            41
        ]
    }
]",guide_art_4_eng,50
"More recently, the Court concluded that a physician’s obligation to participate in emergency medical service did not amount to compulsory or forced labour for the purposes of Article 4 § 2 and declared the relevant part of the application inadmissible as being manifestly ill-founded (Steindel v. Germany (dec.), 2010).","[
    {
        ""case_name"": ""steindel v. germany"",
        ""best_match"": ""steindel v. germany"",
        ""case_id"": ""001-100801"",
        ""paragraph_numbers"": []
    }
]",guide_art_4_eng,51
"The Commission and the Court have also considered that “any work or service which forms part of normal civic obligations” includes: compulsory jury service (Zarb Adami v. Malta, 2006; compulsory fire service or financial contribution which is payable in lieu of service (Karlheinz Schmidt v. Germany, 1994); obligation to conduct free medical examinations (Reitmayr v. Austria, 1995); the obligation to participate in the medical emergency service (Steindel v. Germany (dec.), 2010); or the legal obligations imposed on companies in their quality of employers to calculate and withhold certain taxes, social security contributions etc. from the salaries and wages of their employers (Four Companies v. Austria, Commission decision, 1976).","[
    {
        ""case_name"": ""zarb adami v. malta"",
        ""best_match"": ""zarb adami v. malta"",
        ""case_id"": ""001-75934"",
        ""paragraph_numbers"": []
    },
    {
        ""case_name"": ""karlheinz schmidt v. germany"",
        ""best_match"": ""karlheinz schmidt v. germany"",
        ""case_id"": ""001-57880"",
        ""paragraph_numbers"": []
    },
    {
        ""case_name"": ""reitmayr v. austria"",
        ""best_match"": ""reitmayr v. austria"",
        ""case_id"": ""001-2220"",
        ""paragraph_numbers"": []
    },
    {
        ""case_name"": ""steindel v. germany"",
        ""best_match"": ""steindel v. germany"",
        ""case_id"": ""001-100801"",
        ""paragraph_numbers"": []
    },
    {
        ""case_name"": ""four companies v. austria"",
        ""best_match"": ""four companies v. austria"",
        ""case_id"": ""001-74996"",
        ""paragraph_numbers"": []
    }
]",guide_art_4_eng,52
"Therefore in cases where the Court has found that there was no forced or compulsory labour for the purpose of Article 4, it does not follow that the facts in issue fall completely outside the ambit of Article 4 and, hence, of Article 14 (Van der Mussele v. Belgium, 1983, § 43; Zarb Adami v. Malta, 2006, § 45).","[
    {
        ""case_name"": ""van der mussele v. belgium"",
        ""best_match"": ""van der mussele v. belgium"",
        ""case_id"": ""001-57591"",
        ""paragraph_numbers"": [
            43
        ]
    },
    {
        ""case_name"": ""zarb adami v. malta"",
        ""best_match"": ""zarb adami v. malta"",
        ""case_id"": ""001-75934"",
        ""paragraph_numbers"": [
            45
        ]
    }
]",guide_art_4_eng,53
"For example, any unjustified discrimination between men and women in the imposition of a civic obligation is in breach of Article 14 in conjunction with Article 4 of the Convention (ibid., § 83; Karlheinz Schmidt v. Germany, 1994, § 29).","[
    {
        ""case_name"": ""zarb adami v. malta"",
        ""best_match"": ""zarb adami v. malta"",
        ""case_id"": ""001-75934"",
        ""paragraph_numbers"": [
            83
        ]
    },
    {
        ""case_name"": ""karlheinz schmidt v. germany"",
        ""best_match"": ""karlheinz schmidt v. germany"",
        ""case_id"": ""001-57880"",
        ""paragraph_numbers"": [
            29
        ]
    }
]",guide_art_4_eng,53
"In Siliadin v. France, 2005, the Court noted that, with regard to certain Convention provisions, such as Articles 2, 3 and 8, the fact that a State refrains from infringing the guaranteed rights does not suffice to conclude that it has complied with its obligations under Article 1 of the Convention (§ 77).","[
    {
        ""case_name"": ""siliadin v. france"",
        ""best_match"": ""siliadin v. france"",
        ""case_id"": ""001-69891"",
        ""paragraph_numbers"": [
            77
        ]
    }
]",guide_art_4_eng,54
"In this connection, it held that limiting compliance with Article 4 of the Convention only to direct action by the State authorities would be inconsistent with the international instruments specifically concerned with this issue and would amount to rendering it ineffective (§ 89).","[
    {
        ""case_name"": ""siliadin v. france"",
        ""best_match"": ""siliadin v. france"",
        ""case_id"": ""001-69891"",
        ""paragraph_numbers"": [
            89
        ]
    }
]",guide_art_4_eng,54
"Two of the aspects of the positive obligations – the duty to put in place a legislative and administrative framework and the duty to take operational measures – can be denoted as substantive, whereas the third aspect concerns the procedural obligation to investigate (S.M. v. Croatia [GC], 2020, § 306).","[
    {
        ""case_name"": ""s.m. v. croatia"",
        ""best_match"": ""s.m. v. croatia"",
        ""case_id"": ""001-203503"",
        ""paragraph_numbers"": [
            306
        ]
    }
]",guide_art_4_eng,54
"Article 4 requires that member States penalise and prosecute effectively any act aimed at maintaining a person in a situation of slavery, servitude or forced or compulsory labour (C.N. v. the United Kingdom, 2012, § 66; Siliadin v. France, 2005, § 112; C.N. and v. v. France, 2012, § 105.","[
    {
        ""case_name"": ""c.n. v. the united kingdom"",
        ""best_match"": ""c.n. v. the united kingdom"",
        ""case_id"": ""001-114518"",
        ""paragraph_numbers"": [
            66
        ]
    },
    {
        ""case_name"": ""siliadin v. france"",
        ""best_match"": ""siliadin v. france"",
        ""case_id"": ""001-69891"",
        ""paragraph_numbers"": [
            112
        ]
    },
    {
        ""case_name"": ""c.n. and v. v. france"",
        ""best_match"": ""c.n. and v. v. france"",
        ""case_id"": ""001-114032"",
        ""paragraph_numbers"": []
    }
]",guide_art_4_eng,55
"In order to comply with this obligation, member States are required to put in place a legislative and administrative framework to prohibit and punish such acts (Rantsev v. Cyprus and Russia, 2010, § 285).","[
    {
        ""case_name"": ""rantsev v. cyprus and russia"",
        ""best_match"": ""rantsev v. cyprus and russia"",
        ""case_id"": ""001-96549"",
        ""paragraph_numbers"": [
            285
        ]
    }
]",guide_art_4_eng,55
"Thus, in order to comply with their positive obligations, member States are required to put in place a legislative and administrative framework to prevent and punish trafficking and to protect victims (V.C.L. and A.N. v. the United Kingdom, 2021, § 151).","[
    {
        ""case_name"": ""v.c.l. and a.n. v. the united kingdom"",
        ""best_match"": ""v.c.l. and a.n. v. the united kingdom"",
        ""case_id"": ""001-207927"",
        ""paragraph_numbers"": [
            151
        ]
    }
]",guide_art_4_eng,56
"Furthermore, a State’s immigration rules must address relevant concerns relating to encouragement, facilitation or tolerance of trafficking (Rantsev v. Cyprus and Russia, 2010, § 284).","[
    {
        ""case_name"": ""rantsev v. cyprus and russia"",
        ""best_match"": ""rantsev v. cyprus and russia"",
        ""case_id"": ""001-96549"",
        ""paragraph_numbers"": [
            284
        ]
    }
]",guide_art_4_eng,57
"Moreover, States are required to provide relevant training for law enforcement and immigration officials (ibid., § 287).","[
    {
        ""case_name"": ""rantsev v. cyprus and russia"",
        ""best_match"": ""rantsev v. cyprus and russia"",
        ""case_id"": ""001-96549"",
        ""paragraph_numbers"": [
            287
        ]
    }
]",guide_art_4_eng,57
"It underlined, in this respect, that Article 4 § 2 of the Convention implied a positive obligation for States to address this category of trafficking in the form of a legal and regulatory framework enabling the prevention of trafficking in human beings and their exploitation through work, the protection of victims and the investigation of arguable instances of trafficking of this nature, together with the characterisation as a criminal offence and effective prosecution of any act aimed at maintaining a person in such a situation (Chowdury and Others v. Greece, 2017, §§ 86-89 and 103-104).","[
    {
        ""case_name"": ""chowdury and others v. greece"",
        ""best_match"": ""chowdury and others v. greece"",
        ""case_id"": ""001-204749"",
        ""paragraph_numbers"": [
            86,
            87,
            88,
            89,
            103,
            104
        ]
    }
]",guide_art_4_eng,58
"The Court found that the legislation in force at the material time did not afford the applicants practical and effective protection against treatment failing within the scope of Article 4 of the Convention in Siliadin v. France, 2005, § 148, in C.N. and v. v. France, 2012, § 108, and in C.N. v. the United Kingdom, 2012, § 76.","[
    {
        ""case_name"": ""siliadin v. france"",
        ""best_match"": ""siliadin v. france"",
        ""case_id"": ""001-69891"",
        ""paragraph_numbers"": [
            148
        ]
    },
    {
        ""case_name"": ""c.n. and v. v. france"",
        ""best_match"": ""c.n. and v. v. france"",
        ""case_id"": ""001-114032"",
        ""paragraph_numbers"": []
    },
    {
        ""case_name"": ""c.n. v. the united kingdom"",
        ""best_match"": ""c.n. v. the united kingdom"",
        ""case_id"": ""001-114518"",
        ""paragraph_numbers"": [
            108
        ]
    }
]",guide_art_4_eng,59
"Whereas in Rantsev v. Cyprus and Russia, 2010, on the basis of the evidence before it and bearing in mind the limits of Russia’s jurisdiction in the particular facts of the case, the Court found no such failure in the legislative and administrative framework in Russia with respect to trafficking (ibid., §§ 301-303; V.F. v. France (dec.), 2011; J.A. v. France (dec.), 2014).","[
    {
        ""case_name"": ""rantsev v. cyprus and russia"",
        ""best_match"": ""rantsev v. cyprus and russia"",
        ""case_id"": ""001-96549"",
        ""paragraph_numbers"": [
            301,
            302,
            303
        ]
    },
    {
        ""case_name"": ""v.f. c. france"",
        ""best_match"": ""v.f. v. france"",
        ""case_id"": ""001-108003"",
        ""paragraph_numbers"": []
    },
    {
        ""case_name"": ""j.a. c. france"",
        ""best_match"": ""j.a. v. france"",
        ""case_id"": ""001-145085"",
        ""paragraph_numbers"": []
    }
]",guide_art_4_eng,59
"In that case, Cyprus was found to be in violation of this obligation because, despite evidence of trafficking in Cyprus and the concerns expressed in various reports that Cypriot immigration policy and legislative shortcomings were encouraging the trafficking of women to Cyprus, its regime of artiste visas did not afford to the applicant’s daughter Ms Rantseva, practical and effective protection against trafficking and exploitation (§§ 290-293).","[
    {
        ""case_name"": ""j.a. c. france"",
        ""best_match"": ""j.a. c. france"",
        ""case_id"": ""001-145085"",
        ""paragraph_numbers"": [
            290,
            291,
            292,
            293
        ]
    }
]",guide_art_4_eng,59
"In T.I. and Others v. Greece, 2019, the Court considered that the legal framework governing some of the proceedings had not been effective or sufficient either to punish the traffickers or to ensure effective prevention of human trafficking, given that human trafficking for the purpose of sexual exploitation had not constituted a separate criminal offence at the material time and that the lesser indictable offence of human trafficking had a shorter limitation period, which resulted in the termination of the prosecution against two of the accused as time-barred.","[
    {
        ""case_name"": ""t.i. and others v. greece"",
        ""best_match"": ""t.i. and others v. greece"",
        ""case_id"": ""001-194441(F)"",
        ""paragraph_numbers"": []
    }
]",guide_art_4_eng,59
"In L.E. v. Greece, 2016, the Court considered that the amended legislation provided the applicant with practical and effective protection against human trafficking for the purpose of sexual exploitation.","[
    {
        ""case_name"": ""l.e. v. greece"",
        ""best_match"": ""l.e. v. greece"",
        ""case_id"": ""001-160218(F)"",
        ""paragraph_numbers"": []
    }
]",guide_art_4_eng,59
"Article 4 of the Convention may, in certain circumstances, require a State to take operational measures to protect victims, or potential victims, of treatment in breach of that Article (Rantsev v. Cyprus and Russia, 2010, § 286; C.N. v. the United Kingdom, 2012, § 67).","[
    {
        ""case_name"": ""rantsev v. cyprus and russia"",
        ""best_match"": ""rantsev v. cyprus and russia"",
        ""case_id"": ""001-96549"",
        ""paragraph_numbers"": [
            286
        ]
    },
    {
        ""case_name"": ""c.n. v. the united kingdom"",
        ""best_match"": ""c.n. v. the united kingdom"",
        ""case_id"": ""001-114518"",
        ""paragraph_numbers"": [
            67
        ]
    }
]",guide_art_4_eng,60
"In the case of an answer in the affirmative, there will be a violation of that Article where the authorities fail to take appropriate measures within the scope of their powers to remove the individual from that situation or risk (ibid. and V.C.L. and A.N. v. the United Kingdom, 2021, § 152).","[
    {
        ""case_name"": ""v.c.l. and a.n. v. the united kingdom"",
        ""best_match"": ""v.c.l. and a.n. v. the united kingdom"",
        ""case_id"": ""001-207927"",
        ""paragraph_numbers"": [
            152
        ]
    }
]",guide_art_4_eng,60
"Protection measures include facilitating the identification of victims by qualified persons and assisting victims in their physical, psychological and social recovery (ibid., § 153).","[
    {
        ""case_name"": ""v.c.l. and a.n. v. the united kingdom"",
        ""best_match"": ""v.c.l. and a.n. v. the united kingdom"",
        ""case_id"": ""001-207927"",
        ""paragraph_numbers"": [
            153
        ]
    }
]",guide_art_4_eng,61
"The vulnerability of victims of trafficking, in particular of minors, must be considered by the State when deciding on the relevant applicable measures (ibid., § 161; see also A.I. v. Italy, 2021, §§ 103-104, where the applicant, victim of trafficking, was unable to exercise her contact rights in respect of her two children in breach of Article 8 of the Convention and N.Ç. v. Turkey, 2021, § 133, where the State failed to protect a sexually exploited minor in the course of the criminal proceedings regarding her sexual abuse under Articles 3 and 8 of the Convention).","[
    {
        ""case_name"": ""v.c.l. and a.n. v. the united kingdom"",
        ""best_match"": ""v.c.l. and a.n. v. the united kingdom"",
        ""case_id"": ""001-207927"",
        ""paragraph_numbers"": [
            161
        ]
    },
    {
        ""case_name"": ""a.i. v. italy"",
        ""best_match"": ""a.i. v. italy"",
        ""case_id"": ""001-209243"",
        ""paragraph_numbers"": [
            103,
            104
        ]
    },
    {
        ""case_name"": ""n.\u00e7. v. turkey"",
        ""best_match"": ""n.\u00e7. v. turkey"",
        ""case_id"": ""001-208052"",
        ""paragraph_numbers"": [
            133
        ]
    }
]",guide_art_4_eng,61
"However, bearing in mind the difficulties involved in policing modern societies and the operational choices which must be made in terms of priorities and resources, the obligation to take operational measures must be interpreted in a way which does not impose an impossible or disproportionate burden on the authorities (C.N. v. the United Kingdom, 2012, § 68; Rantsev v. Cyprus and Russia, 2010, § 287).","[
    {
        ""case_name"": ""c.n. v. the united kingdom"",
        ""best_match"": ""c.n. v. the united kingdom"",
        ""case_id"": ""001-114518"",
        ""paragraph_numbers"": [
            68
        ]
    },
    {
        ""case_name"": ""rantsev v. cyprus and russia"",
        ""best_match"": ""rantsev v. cyprus and russia"",
        ""case_id"": ""001-96549"",
        ""paragraph_numbers"": [
            287
        ]
    }
]",guide_art_4_eng,62
"However, the prosecution of victims, or potential victims, of trafficking may, in certain circumstances, be at odds with the State’s duty to take operational measures to protect them (V.C.L. and A.N. v. the United Kingdom, 2021, § 158-159 and G.S. v. the United Kingdom (dec.), 2021, § 22).","[
    {
        ""case_name"": ""v.c.l. and a.n. v. the united kingdom"",
        ""best_match"": ""v.c.l. and a.n. v. the united kingdom"",
        ""case_id"": ""001-207927"",
        ""paragraph_numbers"": [
            158,
            159
        ]
    },
    {
        ""case_name"": ""g.s. v. the united kingdom"",
        ""best_match"": ""g.s. v. the united kingdom"",
        ""case_id"": ""001-214621"",
        ""paragraph_numbers"": [
            22
        ]
    }
]",guide_art_4_eng,63
"In this respect, the Court has held that early identification of victims of trafficking by a competent authority, on the basis of criteria identified in the Palermo Protocol and the Anti-Trafficking Convention, is of paramount importance and that any decision to prosecute should be taken insofar as possible after this assessment (V.C.L. and A.N. v. the United Kingdom, 2021, §§ 160-161).","[
    {
        ""case_name"": ""v.c.l. and a.n. v. the united kingdom"",
        ""best_match"": ""v.c.l. and a.n. v. the united kingdom"",
        ""case_id"": ""001-207927"",
        ""paragraph_numbers"": [
            160,
            161
        ]
    }
]",guide_art_4_eng,63
"While the prosecutor might not be bound by the findings made in the course of such an assessment, the prosecutor would need to have clear reasons, consistent with the definition of trafficking contained in the aforementioned international instruments, for disagreeing with it (ibid., § 162).","[
    {
        ""case_name"": ""v.c.l. and a.n. v. the united kingdom"",
        ""best_match"": ""v.c.l. and a.n. v. the united kingdom"",
        ""case_id"": ""001-207927"",
        ""paragraph_numbers"": [
            162
        ]
    }
]",guide_art_4_eng,63
"In Rantsev v. Cyprus and Russia, 2010, various failures of the police, notably, to inquire further into whether Ms Rantseva had been trafficked, the decision to confide her to the custody of M.A and their failure to comply with various domestic law provisions led the Court to find that the Cypriot authorities had failed to take measures to protect Ms Rantseva from trafficking (§ 298).","[
    {
        ""case_name"": ""rantsev v. cyprus and russia"",
        ""best_match"": ""rantsev v. cyprus and russia"",
        ""case_id"": ""001-96549"",
        ""paragraph_numbers"": [
            298
        ]
    }
]",guide_art_4_eng,64
"In V.F. v. France, 2011, the Court, while conscious of the scale of the phenomenon of trafficking of Nigerian women in France and the difficulties experienced by those persons in identifying themselves to the authorities in order to obtain protection, could only note, in the light of the circumstances of the case, that the applicant had not attempted to contact the authorities about her situation.","[
    {
        ""case_name"": ""v.f. c. france"",
        ""best_match"": ""v.f. v. france"",
        ""case_id"": ""001-108003"",
        ""paragraph_numbers"": []
    }
]",guide_art_4_eng,65
"In Chowdury and Others v. Greece, 2017, the Court found that Greece had failed to comply with its positive obligations because the authorities, who knew through official reports and the media about the situation in which migrant workers found themselves well before the shooting incident involving the applicants, had failed to take adequate measures to prevent trafficking and to protect the applicants (§§ 111-115).","[
    {
        ""case_name"": ""chowdury and others v. greece"",
        ""best_match"": ""chowdury and others v. greece"",
        ""case_id"": ""001-204749"",
        ""paragraph_numbers"": [
            111,
            112,
            113,
            114,
            115
        ]
    }
]",guide_art_4_eng,66
"In V.C.L. and A.N. v. the United Kingdom, 2021, where the Court was called upon to consider whether the prosecution of a victim or potential victim of trafficking raised an issue under Article 4 of the Convention, the Court found that the United Kingdom had failed in its duty under Article 4 to take operational measures to protect the applicants who were minors from Vietnam working in cannabis factories in the United Kingdom.","[
    {
        ""case_name"": ""v.c.l. and a.n. v. the united kingdom"",
        ""best_match"": ""v.c.l. and a.n. v. the united kingdom"",
        ""case_id"": ""001-207927"",
        ""paragraph_numbers"": []
    }
]",guide_art_4_eng,67
"The Court further noted that, even though the applicants were subsequently recognized by that authority as victims of trafficking, this assessment was disregarded by both the prosecution service and the Court of Appeal which found the initial decision to prosecute justified without providing adequate reasons for their decision (§§ 172-173 and 181-182).","[
    {
        ""case_name"": ""v.c.l. and a.n. v. the united kingdom"",
        ""best_match"": ""v.c.l. and a.n. v. the united kingdom"",
        ""case_id"": ""001-207927"",
        ""paragraph_numbers"": [
            172,
            173,
            181,
            182
        ]
    }
]",guide_art_4_eng,67
"By contrast, in G.S. v. the United Kingdom, 2021, the Court was satisfied that the Court of Appeal, when refusing the applicant, an adult victim of trafficking, leave to appeal against her conviction on drug related offenses, had considered the extent to which she had been compelled to commit the offence at issue and concluded that the level of compulsion was not such as to extinguish her culpability.","[
    {
        ""case_name"": ""g.s. v. the united kingdom"",
        ""best_match"": ""g.s. v. the united kingdom"",
        ""case_id"": ""001-214621"",
        ""paragraph_numbers"": []
    }
]",guide_art_4_eng,68
"It therefore found the manner in which the Court of Appeal assessed the situation to be compatible with Article 26 of the Anti-Trafficking Convention and Article 8 of the Anti-Trafficking Directive and that its refusal to grant permission to appeal could not be construed as a failure of the State under Article 4 to take operational measures to protect the applicant, as a victim of trafficking (§ 24).","[
    {
        ""case_name"": ""g.s. v. the united kingdom"",
        ""best_match"": ""g.s. v. the united kingdom"",
        ""case_id"": ""001-214621"",
        ""paragraph_numbers"": [
            24
        ]
    }
]",guide_art_4_eng,68
"Article 4 of the Convention entails a procedural obligation to investigate where there is a credible suspicion that an individual’s rights under that Article have been violated, be it in respect of human trafficking (Rantsev v. Cyprus and Russia, 2010, § 288), domestic servitude (C.N. v. the United Kingdom, 2012, or forced prostitution (S.M. v. Croatia [GC], 2020, § 307).","[
    {
        ""case_name"": ""rantsev v. cyprus and russia"",
        ""best_match"": ""rantsev v. cyprus and russia"",
        ""case_id"": ""001-96549"",
        ""paragraph_numbers"": [
            288
        ]
    },
    {
        ""case_name"": ""c.n. v. the united kingdom"",
        ""best_match"": ""c.n. v. the united kingdom"",
        ""case_id"": ""001-114518"",
        ""paragraph_numbers"": []
    },
    {
        ""case_name"": ""s.m. v. croatia"",
        ""best_match"": ""s.m. v. croatia"",
        ""case_id"": ""001-203503"",
        ""paragraph_numbers"": [
            307
        ]
    }
]",guide_art_4_eng,69
"The requirements of the procedural obligation under Article 4 are informed by the converging principles under Articles 2 and 3 of the Convention (S.M. v. Croatia [GC], 2020, §§ 309-311).","[
    {
        ""case_name"": ""s.m. v. croatia"",
        ""best_match"": ""s.m. v. croatia"",
        ""case_id"": ""001-203503"",
        ""paragraph_numbers"": [
            309,
            310,
            311
        ]
    }
]",guide_art_4_eng,69
"In other words, the Court is not concerned with allegations of errors or isolated omissions but only significant shortcomings in the proceedings and the relevant decision‑making process, namely those that are capable of undermining the investigation’s capability of establishing the circumstances of the case or the person responsible (S.M. v. Croatia [GC], 2020, §§ 312-320; Rantsev v. Cyprus and Russia, 2010, § 288).","[
    {
        ""case_name"": ""s.m. v. croatia"",
        ""best_match"": ""s.m. v. croatia"",
        ""case_id"": ""001-203503"",
        ""paragraph_numbers"": [
            312,
            313,
            314,
            315,
            316,
            317,
            318,
            319,
            320
        ]
    },
    {
        ""case_name"": ""rantsev v. cyprus and russia"",
        ""best_match"": ""rantsev v. cyprus and russia"",
        ""case_id"": ""001-96549"",
        ""paragraph_numbers"": [
            288
        ]
    }
]",guide_art_4_eng,70
"In the particular context of human trafficking, in addition to the obligation to conduct a domestic investigation into events occurring on their own territories, member States are also subject to a duty in cross-border trafficking cases to cooperate effectively with the relevant authorities of other States concerned in the investigation of events which occurred outside their territories (Rantsev v. Cyprus and Russia, 2010, § 289 and Zoletic and Others v. Azerbaijan, 2021, § 191).","[
    {
        ""case_name"": ""rantsev v. cyprus and russia"",
        ""best_match"": ""rantsev v. cyprus and russia"",
        ""case_id"": ""001-96549"",
        ""paragraph_numbers"": [
            289
        ]
    },
    {
        ""case_name"": ""zoletic and others v. azerbaijan"",
        ""best_match"": ""zoletic and others v. azerbaijan"",
        ""case_id"": ""001-212040"",
        ""paragraph_numbers"": [
            191
        ]
    }
]",guide_art_4_eng,71
"In Rantsev v. Cyprus and Russia, 2010, the Court found that the Russian authorities had failed to investigate the possibility that individual agents or networks operating in Russia were involved in trafficking Ms Rantseva to Cyprus (§ 308).","[
    {
        ""case_name"": ""rantsev v. cyprus and russia"",
        ""best_match"": ""rantsev v. cyprus and russia"",
        ""case_id"": ""001-96549"",
        ""paragraph_numbers"": [
            308
        ]
    }
]",guide_art_4_eng,72
"In M. and Others v. Italy and Bulgaria, 2012, however, the Court found that the circumstances of the case did not give rise to human trafficking, a situation which would have engaged the responsibility of the Bulgarian State had any trafficking commenced there (§ 169).","[
    {
        ""case_name"": ""m. and others v. italy and bulgaria"",
        ""best_match"": ""m. and others v. italy and bulgaria"",
        ""case_id"": ""001-112576"",
        ""paragraph_numbers"": [
            169
        ]
    }
]",guide_art_4_eng,72
"In that case, it has further held that the Bulgarian authorities assisted the applicants and maintained constant contact and co-operation with the Italian authorities (§ 169).","[
    {
        ""case_name"": ""m. and others v. italy and bulgaria"",
        ""best_match"": ""m. and others v. italy and bulgaria"",
        ""case_id"": ""001-112576"",
        ""paragraph_numbers"": [
            169
        ]
    }
]",guide_art_4_eng,72
"In J. and Others v. Austria, 2017, where the applicants complained of the prosecutor’s decision not to pursue an investigation into alleged human trafficking offences committed abroad by non- nationals, the Court considered that Article 4 of the Convention, under its procedural limb, does not require States to provide for universal jurisdiction over trafficking offences committed abroad.","[
    {
        ""case_name"": ""j. and others v. austria"",
        ""best_match"": ""j. and others v. austria"",
        ""case_id"": ""001-170388"",
        ""paragraph_numbers"": []
    }
]",guide_art_4_eng,73
"In this connection, it noted that the Protocol to Prevent, Suppress and Punish Trafficking in Persons, especially Women and Children supplementing the United Nations Convention against Transnational Organised Crime is silent on the matter of jurisdiction, and the Council of Europe Convention on Action against Trafficking in Human Beings only required States parties to provide for jurisdiction over any trafficking offences committed on their own territory, or by or against one of their nationals (§ 114).","[
    {
        ""case_name"": ""j. and others v. austria"",
        ""best_match"": ""j. and others v. austria"",
        ""case_id"": ""001-170388"",
        ""paragraph_numbers"": [
            114
        ]
    }
]",guide_art_4_eng,73
"In Chowdury and Others v. Greece, 2017, the Court considered that Greece had failed to comply with its procedural obligations, in particular because the prosecutor had refused to bring proceedings in respect of twenty-one applicants on the grounds that they had lodged their complaints belatedly, without having regard to the wider issues of trafficking and forced labour of which they complained (§§ 117-121).","[
    {
        ""case_name"": ""chowdury and others v. greece"",
        ""best_match"": ""chowdury and others v. greece"",
        ""case_id"": ""001-204749"",
        ""paragraph_numbers"": [
            117,
            118,
            119,
            120,
            121
        ]
    }
]",guide_art_4_eng,74
"The Court further found that the domestic courts had taken a very narrow view of the applicants’ situation, analysing it from the standpoint of whether it amounted to one of servitude with the consequence that none of the accused was convicted of trafficking in human beings and the appropriate penalties were not therefore applied (§§ 123-127).","[
    {
        ""case_name"": ""chowdury and others v. greece"",
        ""best_match"": ""chowdury and others v. greece"",
        ""case_id"": ""001-204749"",
        ""paragraph_numbers"": [
            123,
            124,
            125,
            126,
            127
        ]
    }
]",guide_art_4_eng,74
"In S.M. v. Croatia [GC], 2020, the applicant alleged that T.M., a former policeman, had physically and psychologically forced her into prostitution.","[
    {
        ""case_name"": ""s.m. v. croatia"",
        ""best_match"": ""s.m. v. croatia"",
        ""case_id"": ""001-203503"",
        ""paragraph_numbers"": []
    }
]",guide_art_4_eng,75
"In a case concerning alleged cross-border human trafficking and forced labour of migrant workers, the Court found the applicants’ claims arguable, given that the materials in the case file, notably, a report prepared by specialised NGOs largely supported the applicants’ version of events (Zoletic and Others v. Azerbaijan, 2021, §§ 161-164).","[
    {
        ""case_name"": ""zoletic and others v. azerbaijan"",
        ""best_match"": ""zoletic and others v. azerbaijan"",
        ""case_id"": ""001-212040"",
        ""paragraph_numbers"": [
            161,
            162,
            163,
            164
        ]
    }
]",guide_art_4_eng,76
"An effective ex officio criminal investigation was therefore required (ibid., § 200).","[
    {
        ""case_name"": ""zoletic and others v. azerbaijan"",
        ""best_match"": ""zoletic and others v. azerbaijan"",
        ""case_id"": ""001-212040"",
        ""paragraph_numbers"": [
            200
        ]
    }
]",guide_art_4_eng,76
"In addition to the effectiveness of the proceedings concerning the applicants’ alleged exploitation, the Court examined the effectiveness of the proceedings concerning the issuing of the visas to the applicants in T.I. and Others v. Greece, 2019.","[
    {
        ""case_name"": ""t.i. and others v. greece"",
        ""best_match"": ""t.i. and others v. greece"",
        ""case_id"": ""001-194441(F)"",
        ""paragraph_numbers"": []
    }
]",guide_art_4_eng,77
